Full Name, Email Address
Mari Hazle,mhazle0@blogspot.com
Madison Pirouet,mpirouet1@princeton.edu
Clari Stallebrass,cstallebrass2@bravesites.com
Alanson Sille,asille3@google.com
Joyce Jordine,jjordine4@state.tx.us
Alexina Trowell,atrowell5@geocities.jp
Con Allenby,callenby6@techcrunch.com
Yardley Colum,ycolum7@freewebs.com
Tarrance Getcliffe,tgetcliffe8@imdb.com
Olympe Ker,oker9@mit.edu
Corie Stanley,cstanleya@soundcloud.com
Orelia Brayson,obraysonb@msn.com
Quintina Cisar,qcisarc@soundcloud.com
Philly Tatershall,ptatershalld@alibaba.com
Wesley Elsmore,welsmoree@flavors.me
Corrinne Ambridge,cambridgef@howstuffworks.com
Sofie Blowin,sblowing@hubpages.com
Garvy Stribbling,gstribblingh@ucoz.ru
Drake Napper,dnapperi@purevolume.com
Nathalie Derkes,nderkesj@mozilla.com